<?xml version="1.0" encoding="UTF-8" standalone="yes"?>
<addon id="plugin.video.Tesla"
       name="[COLOR white][B]T E S L A[/B][/COLOR]"
       version="0.0.1"
       provider-name="Decosub">
  <requires>
    <import addon="xbmc.python" version="2.1.0"/>
    <import addon="script.module.beautifulsoup" version="3.2.1"/>
    <import addon="script.module.simple.downloader" version="0.9.4"/>
    <import addon="script.module.beautifulsoup4" />
    <import addon="script.module.requests" />
    <import addon="script.module.httplib2" />
    <import addon="script.module.liveresolver" version="0.1.24" optional="true"/>
    <import addon="script.module.youtube.dl" optional="true"/>
    <import addon="plugin.video.youtube" optional="true" />
    <import addon="script.module.urlresolver" />
    <import addon="script.module.simplejson" />    
     <import addon="script.module.livestreamer" optional="true"/>
     <import addon="script.module.pyamf" optional="true"/>
	 <import addon="script.globalsearch" version="5.0.0"/>
	 <import addon="plugin.program.autocompletion" version="1.0.1"/>
	 <import addon="script.module.inputstreamhelper" />
  </requires>
  <extension point="xbmc.python.pluginsource" library="default.py">
    <provides>video</provides>
  </extension>
  <extension point="xbmc.addon.repository" name="Mi repositorio">
        <info>https://github.com/rretroarcade/RetroTv_repositorio/commits/master/Repositorio/addons.xml</info>
        <checksum>https://github.com/rretroarcade/RetroTv_repositorio/commits/master/Repositorio/addons.xml.md5</checksum>
        <datadir zip="true">https://raw.githubusercontent.com/rretroarcade/RetroTv_repositorio/commits/master/Repositorio/</datadir>
    </extension>
  
   <extension point="xbmc.addon.metadata">
  <extension point="xbmc.addon.repository" name=" ">
        <info></info>
        <checksum></checksum>
        <datadir zip="false"></datadir>
    </extension>
    <summary> </summary>
    <description>Idea original de Mahs80(@Mahs8013)...Addon tematico dedicado a Ciencia y Fisica de todos los tiempos.. descubre los limites de la ciencia, los mayores descubrimientos, los grandes pènsadores de todas las epocas... basado en Youtube con licencia GNU GPL.</description>
    <platform>all</platform>
  </extension>
</addon>